<metadata xml:lang="es"><Esri><CreaDate>20211011</CreaDate><CreaTime>14322700</CreaTime><ArcGISFormat>1.0</ArcGISFormat><ArcGISstyle>FGDC CSDGM Metadata</ArcGISstyle><SyncOnce>FALSE</SyncOnce><DataProperties><itemProps><itemName Sync="TRUE">buffer_ecobici</itemName><imsContentType Sync="TRUE" export="False">002</imsContentType><nativeExtBox><westBL Sync="TRUE">477505.811439</westBL><eastBL Sync="TRUE">486406.982269</eastBL><southBL Sync="TRUE">2140327.410744</southBL><northBL Sync="TRUE">2150345.704538</northBL><exTypeCode Sync="TRUE">1</exTypeCode></nativeExtBox><itemSize Sync="TRUE">0.670</itemSize><itemLocation><linkage Sync="TRUE">file://\\DESKTOP-QJK0M97\F$\IPDP\Entrega 1 y 2 a ADIP (191 capas)\Movilidad\Área de influencia de Ecobici (150 mts)\buffer_ecobici.shp</linkage><protocol Sync="TRUE">Local Area Network</protocol></itemLocation></itemProps><coordRef><type Sync="TRUE">Projected</type><geogcsn Sync="TRUE">GCS_WGS_1984</geogcsn><csUnits Sync="TRUE">Linear Unit: Meter (1.000000)</csUnits><projcsn Sync="TRUE">WGS_1984_UTM_Zone_14N</projcsn><peXml Sync="TRUE">&lt;ProjectedCoordinateSystem xsi:type='typens:ProjectedCoordinateSystem' xmlns:xsi='http://www.w3.org/2001/XMLSchema-instance' xmlns:xs='http://www.w3.org/2001/XMLSchema' xmlns:typens='http://www.esri.com/schemas/ArcGIS/10.5'&gt;&lt;WKT&gt;PROJCS[&amp;quot;WGS_1984_UTM_Zone_14N&amp;quot;,GEOGCS[&amp;quot;GCS_WGS_1984&amp;quot;,DATUM[&amp;quot;D_WGS_1984&amp;quot;,SPHEROID[&amp;quot;WGS_1984&amp;quot;,6378137.0,298.257223563]],PRIMEM[&amp;quot;Greenwich&amp;quot;,0.0],UNIT[&amp;quot;Degree&amp;quot;,0.0174532925199433]],PROJECTION[&amp;quot;Transverse_Mercator&amp;quot;],PARAMETER[&amp;quot;False_Easting&amp;quot;,500000.0],PARAMETER[&amp;quot;False_Northing&amp;quot;,0.0],PARAMETER[&amp;quot;Central_Meridian&amp;quot;,-99.0],PARAMETER[&amp;quot;Scale_Factor&amp;quot;,0.9996],PARAMETER[&amp;quot;Latitude_Of_Origin&amp;quot;,0.0],UNIT[&amp;quot;Meter&amp;quot;,1.0],AUTHORITY[&amp;quot;EPSG&amp;quot;,32614]]&lt;/WKT&gt;&lt;XOrigin&gt;-5120900&lt;/XOrigin&gt;&lt;YOrigin&gt;-9998100&lt;/YOrigin&gt;&lt;XYScale&gt;450445547.3910538&lt;/XYScale&gt;&lt;ZOrigin&gt;-100000&lt;/ZOrigin&gt;&lt;ZScale&gt;10000&lt;/ZScale&gt;&lt;MOrigin&gt;-100000&lt;/MOrigin&gt;&lt;MScale&gt;10000&lt;/MScale&gt;&lt;XYTolerance&gt;0.001&lt;/XYTolerance&gt;&lt;ZTolerance&gt;0.001&lt;/ZTolerance&gt;&lt;MTolerance&gt;0.001&lt;/MTolerance&gt;&lt;HighPrecision&gt;true&lt;/HighPrecision&gt;&lt;WKID&gt;32614&lt;/WKID&gt;&lt;LatestWKID&gt;32614&lt;/LatestWKID&gt;&lt;/ProjectedCoordinateSystem&gt;</peXml></coordRef></DataProperties><SyncDate>20220328</SyncDate><SyncTime>10144500</SyncTime><ModDate>20220328</ModDate><ModTime>10144500</ModTime><scaleRange><minScale>150000000</minScale><maxScale>5000</maxScale></scaleRange><ArcGISProfile>FGDC</ArcGISProfile></Esri><dataIdInfo><envirDesc Sync="TRUE"> Version 6.2 (Build 9200) ; Esri ArcGIS 10.5.0.6491</envirDesc><dataLang><languageCode value="spa" Sync="TRUE"/><countryCode value="MEX" Sync="TRUE"/></dataLang><idCitation xmlns=""><resTitle Sync="FALSE">Área de influencia de Ecobici (150 mts)</resTitle><presForm xmlns=""><PresFormCd value="005" Sync="TRUE"/><fgdcGeoform>vector digital data</fgdcGeoform></presForm><date><createDate>2021-02-27T00:00:00</createDate><pubDate>2021-02-27T00:00:00</pubDate></date><citRespParty xmlns=""><rpIndName>Centro de Investigación en Ciencias de Información Geoespacial (CentroGeo) </rpIndName><rpOrgName>CONACYT</rpOrgName><role><RoleCd value="006"/></role><rpCntInfo xmlns=""><cntAddress addressType="physical"><delPoint>Contoy 137, Lomas de Padierna, Tlalpan</delPoint><city>Ciudad de México</city><adminArea>Ciudad de México</adminArea><postCode>14240</postCode><country>MX</country></cntAddress><cntPhone><voiceNum tddtty="">55 2615 2508</voiceNum></cntPhone></rpCntInfo></citRespParty><citRespParty xmlns=""><rpIndName>Instituto de Planeación Democrática y Prospectiva (IPDP)</rpIndName><rpOrgName>Instituto de Planeación Democrática y Prospectiva (IPDP)</rpOrgName><role><RoleCd value="010"/></role><rpCntInfo xmlns=""><cntAddress addressType="physical"><delPoint>San Lorenzo 712, 1er piso Col. Del Valle, Benito Juárez  </delPoint><city>Ciudad de México  </city><adminArea>Ciudad de México  </adminArea><postCode>03100</postCode><country>MX</country></cntAddress><cntPhone><voiceNum tddtty="">51302100 etx. 2339</voiceNum></cntPhone></rpCntInfo></citRespParty></idCitation><spatRpType><SpatRepTypCd value="001" Sync="TRUE"/></spatRpType><dataExt xmlns=""><geoEle xmlns=""><GeoBndBox esriExtentType="search"><exTypeCode Sync="TRUE">1</exTypeCode><westBL Sync="TRUE">-99.214301</westBL><eastBL Sync="TRUE">-99.129428</eastBL><northBL Sync="TRUE">19.447473</northBL><southBL Sync="TRUE">19.356855</southBL></GeoBndBox></geoEle><exDesc>Cobertura Ecobici en Alcaldia, Benito Juarez, Cuauhtemoc, Miguel Hidalgo, Ciudade de México.</exDesc></dataExt><idPurp>Ecobici (Cobertura 150 m)</idPurp><idAbs>&lt;DIV STYLE="text-align:Left;"&gt;&lt;DIV&gt;&lt;DIV&gt;&lt;P&gt;&lt;SPAN&gt;Capa de información geoespacial que muestra &lt;/SPAN&gt;&lt;SPAN&gt;la cobertura &lt;/SPAN&gt;&lt;SPAN&gt;o &lt;/SPAN&gt;&lt;SPAN&gt;área de influencia&lt;/SPAN&gt;&lt;SPAN&gt; &lt;/SPAN&gt;&lt;SPAN&gt;(150 m&lt;/SPAN&gt;&lt;SPAN&gt;etros&lt;/SPAN&gt;&lt;SPAN&gt;) Ecobici&lt;/SPAN&gt;&lt;SPAN&gt;, &lt;/SPAN&gt;&lt;SPAN&gt;en &lt;/SPAN&gt;&lt;SPAN&gt;Alcaldia, Benito Ju&lt;/SPAN&gt;&lt;SPAN&gt;á&lt;/SPAN&gt;&lt;SPAN&gt;rez, Cuauhtemoc, Miguel Hidalgo, Ciuda&lt;/SPAN&gt;&lt;SPAN /&gt;&lt;SPAN&gt;de de México&lt;/SPAN&gt;&lt;/P&gt;&lt;P&gt;&lt;SPAN /&gt;&lt;/P&gt;&lt;/DIV&gt;&lt;/DIV&gt;&lt;/DIV&gt;</idAbs><themeKeys xmlns=""><keyword>Movilidad y accesibilidad</keyword></themeKeys><dataChar><CharSetCd value="004"/></dataChar><idStatus><ProgCd value="001"/></idStatus><resMaint xmlns=""><maintFreq><MaintFreqCd value="009"/></maintFreq></resMaint><idCredit>Insumo para el desarrollo de instrumentos de planeación en la colaboración del Gobierno de la Ciudad de México y Centro Geo, 2020-2021</idCredit><idPoC xmlns=""><rpIndName>Dirección de información estadística y geográfica</rpIndName><rpOrgName>Instituto de Planeación Democrática y Prospectiva (IPDP)</rpOrgName><role><RoleCd value="007"/></role><rpCntInfo xmlns=""><cntAddress addressType="physical"><delPoint>San Lorenzo 712, 1er piso Col. Del Valle, Benito Juárez  </delPoint><city>Ciudad de México  </city><adminArea>Ciudad de México  </adminArea><postCode>03100</postCode><country>MX</country></cntAddress><cntPhone><voiceNum tddtty="">51302100 etx. 2339</voiceNum></cntPhone></rpCntInfo><displayName>Instituto de Planeación Democrática y Prospectiva (IPDP)</displayName></idPoC><tpCat><TopicCatCd value="015"/></tpCat></dataIdInfo><mdLang><languageCode value="spa" Sync="TRUE"/><countryCode value="MEX" Sync="TRUE"/></mdLang><mdChar><CharSetCd value="004" Sync="TRUE"/></mdChar><distInfo><distFormat><formatName Sync="TRUE">Shapefile</formatName></distFormat><distTranOps><transSize Sync="TRUE">0.670</transSize></distTranOps></distInfo><mdHrLv><ScopeCd value="005" Sync="TRUE"/></mdHrLv><mdHrLvName Sync="TRUE">dataset</mdHrLvName><refSysInfo><RefSystem><refSysID><identCode code="32614" Sync="TRUE"/><idCodeSpace Sync="TRUE">EPSG</idCodeSpace><idVersion Sync="TRUE">2.1(3.0.1)</idVersion></refSysID></RefSystem></refSysInfo><spatRepInfo><VectSpatRep><geometObjs Name="buffer_ecobici"><geoObjTyp><GeoObjTypCd value="002" Sync="TRUE"></GeoObjTypCd></geoObjTyp><geoObjCnt Sync="TRUE">480</geoObjCnt></geometObjs><topLvl><TopoLevCd value="001" Sync="TRUE"></TopoLevCd></topLvl></VectSpatRep></spatRepInfo><spdoinfo><ptvctinf><esriterm Name="buffer_ecobici"><efeatyp Sync="TRUE">Simple</efeatyp><efeageom code="4" Sync="TRUE"></efeageom><esritopo Sync="TRUE">FALSE</esritopo><efeacnt Sync="TRUE">480</efeacnt><spindex Sync="TRUE">FALSE</spindex><linrefer Sync="TRUE">FALSE</linrefer></esriterm></ptvctinf></spdoinfo><eainfo><detailed Name="buffer_ecobici" xmlns=""><enttyp><enttypl Sync="TRUE">buffer_ecobici</enttypl><enttypt Sync="FALSE">Polígono</enttypt><enttypc Sync="TRUE">480</enttypc></enttyp><attr xmlns=""><attrlabl Sync="TRUE">FID</attrlabl><attalias Sync="TRUE">FID</attalias><attrtype Sync="TRUE">OID</attrtype><attwidth Sync="TRUE">4</attwidth><atprecis Sync="TRUE">0</atprecis><attscale Sync="TRUE">0</attscale><attrdef Sync="TRUE">Internal feature number.</attrdef><attrdefs Sync="TRUE">Esri</attrdefs><attrdomv><udom Sync="TRUE">Sequential unique whole numbers that are automatically generated.</udom></attrdomv></attr><attr xmlns=""><attrlabl Sync="TRUE">Shape</attrlabl><attalias Sync="TRUE">Shape</attalias><attrtype Sync="TRUE">Geometry</attrtype><attwidth Sync="TRUE">0</attwidth><atprecis Sync="TRUE">0</atprecis><attscale Sync="TRUE">0</attscale><attrdef Sync="TRUE">Feature geometry.</attrdef><attrdefs Sync="TRUE">Esri</attrdefs><attrdomv><udom Sync="TRUE">Coordinates defining the features.</udom></attrdomv></attr><attr xmlns=""><attrlabl Sync="TRUE">id</attrlabl><attalias Sync="TRUE">id</attalias><attrtype Sync="TRUE">Double</attrtype><attwidth Sync="TRUE">19</attwidth><atprecis Sync="TRUE">0</atprecis><attscale Sync="TRUE">0</attscale></attr><attr xmlns=""><attrlabl Sync="TRUE">name</attrlabl><attalias Sync="TRUE">name</attalias><attrtype Sync="TRUE">String</attrtype><attwidth Sync="TRUE">254</attwidth><atprecis Sync="TRUE">0</atprecis><attscale Sync="TRUE">0</attscale></attr><attr xmlns=""><attrlabl Sync="TRUE">address</attrlabl><attalias Sync="TRUE">address</attalias><attrtype Sync="TRUE">String</attrtype><attwidth Sync="TRUE">254</attwidth><atprecis Sync="TRUE">0</atprecis><attscale Sync="TRUE">0</attscale></attr><attr xmlns=""><attrlabl Sync="TRUE">addressnum</attrlabl><attalias Sync="TRUE">addressnum</attalias><attrtype Sync="TRUE">String</attrtype><attwidth Sync="TRUE">254</attwidth><atprecis Sync="TRUE">0</atprecis><attscale Sync="TRUE">0</attscale></attr><attr xmlns=""><attrlabl Sync="TRUE">zipcode</attrlabl><attalias Sync="TRUE">zipcode</attalias><attrtype Sync="TRUE">String</attrtype><attwidth Sync="TRUE">254</attwidth><atprecis Sync="TRUE">0</atprecis><attscale Sync="TRUE">0</attscale></attr><attr xmlns=""><attrlabl Sync="TRUE">districtna</attrlabl><attalias Sync="TRUE">districtna</attalias><attrtype Sync="TRUE">String</attrtype><attwidth Sync="TRUE">254</attwidth><atprecis Sync="TRUE">0</atprecis><attscale Sync="TRUE">0</attscale></attr><attr xmlns=""><attrlabl Sync="TRUE">location_l</attrlabl><attalias Sync="TRUE">location_l</attalias><attrtype Sync="TRUE">Double</attrtype><attwidth Sync="TRUE">19</attwidth><atprecis Sync="TRUE">0</atprecis><attscale Sync="TRUE">0</attscale></attr><attr xmlns=""><attrlabl Sync="TRUE">location_1</attrlabl><attalias Sync="TRUE">location_1</attalias><attrtype Sync="TRUE">Double</attrtype><attwidth Sync="TRUE">19</attwidth><atprecis Sync="TRUE">0</atprecis><attscale Sync="TRUE">0</attscale></attr><attr xmlns=""><attrlabl Sync="TRUE">BUFF_DIST</attrlabl><attalias Sync="TRUE">BUFF_DIST</attalias><attrtype Sync="TRUE">Double</attrtype><attwidth Sync="TRUE">19</attwidth><atprecis Sync="TRUE">0</atprecis><attscale Sync="TRUE">0</attscale></attr></detailed></eainfo><mdDateSt Sync="TRUE">20220328</mdDateSt><mdMaint xmlns=""><maintFreq><MaintFreqCd value="009"/></maintFreq></mdMaint><dqInfo xmlns=""><dqScope><scpLvl><ScopeCd value="005"/></scpLvl></dqScope><dataLineage><dataSource xmlns="" type=""><srcDesc>SEMOVI- CENSO 2010</srcDesc></dataSource><statement>Información a partir de trabajo de gabinete</statement></dataLineage></dqInfo><mdFileID>ED2937A0-57FF-4C00-9FFF-481FB1C61BE1</mdFileID><mdContact xmlns=""><rpIndName>Centro de Investigación en Ciencias de Información Geoespacial (CentroGeo) </rpIndName><rpOrgName>CONACYT</rpOrgName><role><RoleCd value="006"/></role><rpCntInfo><cntAddress addressType="physical"><delPoint>Contoy 137, Lomas de Padierna, Tlalpan</delPoint><city>Ciudad de México</city><adminArea>Ciudad de México</adminArea><postCode>14240</postCode><country>MX</country></cntAddress><cntPhone><voiceNum tddtty="">55 2615 2508</voiceNum></cntPhone></rpCntInfo><displayName>Centro de Investigación en Ciencias de Información Geoespacial (CentroGeo) </displayName></mdContact><mdContact xmlns=""><rpIndName>Instituto de Planeación Democrática y Prospectiva (IPDP)</rpIndName><rpOrgName>Instituto de Planeación Democrática y Prospectiva (IPDP)</rpOrgName><role><RoleCd value="010"/></role><rpCntInfo><cntAddress addressType="physical"><delPoint>San Lorenzo 712, 1er piso Col. Del Valle, Benito Juárez  </delPoint><city>Ciudad de México  </city><adminArea>Ciudad de México  </adminArea><postCode>03100</postCode><country>MX</country></cntAddress><cntPhone><voiceNum tddtty="">51302100 etx. 2339</voiceNum></cntPhone></rpCntInfo><displayName>Instituto de Planeación Democrática y Prospectiva (IPDP)</displayName></mdContact></metadata>
