<metadata xml:lang="es"><Esri><CreaDate>20211029</CreaDate><CreaTime>11320100</CreaTime><ArcGISFormat>1.0</ArcGISFormat><ArcGISstyle>FGDC CSDGM Metadata</ArcGISstyle><SyncOnce>FALSE</SyncOnce><DataProperties><itemProps><itemName Sync="TRUE">bag_9</itemName><imsContentType Sync="TRUE" export="False">002</imsContentType><nativeExtBox><westBL Sync="TRUE">-99.364924</westBL><eastBL Sync="TRUE">-98.940303</eastBL><southBL Sync="TRUE">19.048237</southBL><northBL Sync="TRUE">19.593781</northBL><exTypeCode Sync="TRUE">1</exTypeCode></nativeExtBox><itemSize Sync="TRUE">0.808</itemSize><itemLocation><linkage Sync="TRUE">file://\\LAPTOP-NT4MDE9P\C$\Users\alanm\OneDrive\Documentos\Escritorio\03 Geográfica, Medio Ambiente, Ordenamiento Territorial y Urbano\Ordenamiento territorial\BAG-9 Presencia de mercados y tianguis en colonias en SC\bag_9.shp</linkage><protocol Sync="TRUE">Local Area Network</protocol></itemLocation></itemProps><coordRef><type Sync="TRUE">Geographic</type><geogcsn Sync="TRUE">GCS_WGS_1984</geogcsn><csUnits Sync="TRUE">Angular Unit: Degree (0.017453)</csUnits><peXml Sync="TRUE">&lt;GeographicCoordinateSystem xsi:type='typens:GeographicCoordinateSystem' xmlns:xsi='http://www.w3.org/2001/XMLSchema-instance' xmlns:xs='http://www.w3.org/2001/XMLSchema' xmlns:typens='http://www.esri.com/schemas/ArcGIS/10.5'&gt;&lt;WKT&gt;GEOGCS[&amp;quot;GCS_WGS_1984&amp;quot;,DATUM[&amp;quot;D_WGS_1984&amp;quot;,SPHEROID[&amp;quot;WGS_1984&amp;quot;,6378137.0,298.257223563]],PRIMEM[&amp;quot;Greenwich&amp;quot;,0.0],UNIT[&amp;quot;Degree&amp;quot;,0.0174532925199433],AUTHORITY[&amp;quot;EPSG&amp;quot;,4326]]&lt;/WKT&gt;&lt;XOrigin&gt;-400&lt;/XOrigin&gt;&lt;YOrigin&gt;-400&lt;/YOrigin&gt;&lt;XYScale&gt;11258999068426.238&lt;/XYScale&gt;&lt;ZOrigin&gt;-100000&lt;/ZOrigin&gt;&lt;ZScale&gt;10000&lt;/ZScale&gt;&lt;MOrigin&gt;-100000&lt;/MOrigin&gt;&lt;MScale&gt;10000&lt;/MScale&gt;&lt;XYTolerance&gt;8.983152841195215e-009&lt;/XYTolerance&gt;&lt;ZTolerance&gt;0.001&lt;/ZTolerance&gt;&lt;MTolerance&gt;0.001&lt;/MTolerance&gt;&lt;HighPrecision&gt;true&lt;/HighPrecision&gt;&lt;LeftLongitude&gt;-180&lt;/LeftLongitude&gt;&lt;WKID&gt;4326&lt;/WKID&gt;&lt;LatestWKID&gt;4326&lt;/LatestWKID&gt;&lt;/GeographicCoordinateSystem&gt;</peXml></coordRef></DataProperties><SyncDate>20220228</SyncDate><SyncTime>13143100</SyncTime><ModDate>20220228</ModDate><ModTime>13243600</ModTime><scaleRange><minScale>150000000</minScale><maxScale>5000</maxScale></scaleRange><ArcGISProfile>FGDC</ArcGISProfile></Esri><dataIdInfo><envirDesc Sync="TRUE"> Version 6.2 (Build 9200) ; Esri ArcGIS 10.5.0.6491</envirDesc><dataLang><languageCode value="eng" Sync="TRUE"/><countryCode value="USA" Sync="TRUE"/></dataLang><idCitation xmlns=""><resTitle Sync="FALSE">Concentración de mercados y tianguis en colonias en suelo de conservación en la Ciudad de México</resTitle><presForm xmlns=""><PresFormCd value="005" Sync="TRUE"/><fgdcGeoform>vector digital data</fgdcGeoform></presForm><citRespParty xmlns=""><rpIndName>Instituto de Planeación Democrática y Prospectiva (IPDP)</rpIndName><rpOrgName>Instituto de Planeación Democrática y Prospectiva (IPDP)</rpOrgName><rpCntInfo xmlns=""><cntAddress addressType="physical"><delPoint>S. Lorenzo 712, Primer Piso, Col del Valle Sur, Benito Juarez</delPoint><city>Ciudad de México</city><adminArea>Ciudad de México</adminArea><postCode>03100</postCode><country>MX</country></cntAddress><cntPhone><voiceNum tddtty="">5551302100 ext. 2339</voiceNum></cntPhone></rpCntInfo><displayName>Instituto de Planeación Democrática y Prospectiva (IPDP)</displayName><role><RoleCd value="006"/></role></citRespParty><date><createDate>2021-02-05T00:00:00</createDate><pubDate>2021-02-05T00:00:00</pubDate></date><citRespParty xmlns=""><editorSource>external</editorSource><editorDigest>6d48ab74790075435f5c1137a4efc53f</editorDigest><rpIndName>Instituto de Planeación Democrática y Prospectiva (IPDP)</rpIndName><rpCntInfo xmlns=""><cntAddress addressType="physical"><delPoint>San Lorenzo 712, 1 er piso, Col. Del Valle, Benito Juárez</delPoint><city>Ciudad de México</city><adminArea>Ciudad de México</adminArea><country>MX</country></cntAddress><cntPhone><voiceNum tddtty="">5551302100 ext. 2339</voiceNum></cntPhone></rpCntInfo><editorSave>True</editorSave><displayName>Instituto de Planeación Democrática y Prospectiva (IPDP)</displayName><role><RoleCd value="010"/></role></citRespParty></idCitation><spatRpType><SpatRepTypCd value="001" Sync="TRUE"/></spatRpType><dataExt xmlns=""><geoEle xmlns=""><GeoBndBox esriExtentType="search"><exTypeCode Sync="TRUE">1</exTypeCode><westBL Sync="TRUE">-99.364924</westBL><eastBL Sync="TRUE">-98.940303</eastBL><northBL Sync="TRUE">19.593781</northBL><southBL Sync="TRUE">19.048237</southBL></GeoBndBox></geoEle><exDesc>Mercados y tianguis dentro de la zona de conservación de la Ciudad de México</exDesc></dataExt><themeKeys xmlns=""><keyword>06 Infraestructura física, 04 Desarrollo rural y agricultura urbana</keyword></themeKeys><dataChar><CharSetCd value="004"/></dataChar><idStatus><ProgCd value="001"/></idStatus><resMaint xmlns=""><maintFreq><MaintFreqCd value="009"/></maintFreq></resMaint><idPurp>BAG-9 Presencia de mercados y tianguis en colonias en suelo de conservación</idPurp><idAbs>&lt;DIV STYLE="text-align:Left;"&gt;&lt;DIV&gt;&lt;DIV&gt;&lt;P STYLE="margin:0 0 11 0;"&gt;&lt;SPAN&gt;&lt;SPAN&gt;En esta base de datos podrás encontrar la concentración de mercados y tianguis en colonias ubicadas dentro del suelo de conservación de la Ciudad de México, como el número de mercados y tianguis que hay en cada una de estas.&lt;/SPAN&gt;&lt;/SPAN&gt;&lt;/P&gt;&lt;/DIV&gt;&lt;/DIV&gt;&lt;/DIV&gt;</idAbs><idCredit>Insumo para el desarrollo de instrumentos de planeación en colaboración del Gobierno de la Ciudad de México y Centro Geo, 2020-2021
</idCredit><idPoC xmlns=""><editorSource>external</editorSource><editorDigest>52ab4d6994ee9f952465fc8cf038fb3c</editorDigest><rpIndName>Dirección de Información estadística y geográfica</rpIndName><rpOrgName>Instituto de Planeación Democrática y Prospectiva (IPDP)</rpOrgName><rpCntInfo xmlns=""><cntAddress addressType="physical"><delPoint>San Lorenzo 712, 1 er piso, Col. Del Valle, Benito Juárez</delPoint><city>Ciudad de México</city><adminArea>Ciudad de México</adminArea><postCode>03100</postCode><country>MX</country></cntAddress></rpCntInfo><editorSave>True</editorSave><displayName>Dirección de Información estadística y geográfica</displayName><role><RoleCd value="007"/></role></idPoC><tpCat><TopicCatCd value="005"/></tpCat><tpCat><TopicCatCd value="017"/></tpCat></dataIdInfo><mdLang><languageCode value="eng" Sync="TRUE"/><countryCode value="USA" Sync="TRUE"/></mdLang><mdChar><CharSetCd value="004" Sync="TRUE"/></mdChar><distInfo xmlns=""><distFormat xmlns=""><formatName Sync="TRUE">Shapefile</formatName></distFormat><distTranOps xmlns=""><transSize Sync="TRUE">0.808</transSize></distTranOps></distInfo><mdHrLv><ScopeCd value="005" Sync="TRUE"/></mdHrLv><mdHrLvName Sync="TRUE">dataset</mdHrLvName><refSysInfo><RefSystem><refSysID><identCode code="4326" Sync="TRUE"/><idCodeSpace Sync="TRUE">EPSG</idCodeSpace><idVersion Sync="TRUE">6.14(3.0.1)</idVersion></refSysID></RefSystem></refSysInfo><spatRepInfo><VectSpatRep><geometObjs Name="bag_9"><geoObjTyp><GeoObjTypCd value="002" Sync="TRUE"/></geoObjTyp><geoObjCnt Sync="TRUE">335</geoObjCnt></geometObjs><topLvl><TopoLevCd value="001" Sync="TRUE"/></topLvl></VectSpatRep></spatRepInfo><spdoinfo><ptvctinf><esriterm Name="bag_9"><efeatyp Sync="TRUE">Simple</efeatyp><efeageom code="4" Sync="TRUE"/><esritopo Sync="TRUE">FALSE</esritopo><efeacnt Sync="TRUE">335</efeacnt><spindex Sync="TRUE">FALSE</spindex><linrefer Sync="TRUE">FALSE</linrefer></esriterm></ptvctinf></spdoinfo><eainfo><detailed Name="bag_9" xmlns=""><enttyp><enttypl Sync="TRUE">bag_9</enttypl><enttypt Sync="FALSE">Polígono</enttypt><enttypc Sync="TRUE">335</enttypc></enttyp><attr xmlns=""><attrlabl Sync="TRUE">FID</attrlabl><attalias Sync="TRUE">FID</attalias><attrtype Sync="TRUE">OID</attrtype><attwidth Sync="TRUE">4</attwidth><atprecis Sync="TRUE">0</atprecis><attscale Sync="TRUE">0</attscale><attrdef Sync="TRUE">Internal feature number.</attrdef><attrdefs Sync="TRUE">Esri</attrdefs><attrdomv><udom Sync="TRUE">Sequential unique whole numbers that are automatically generated.</udom></attrdomv></attr><attr xmlns=""><attrlabl Sync="TRUE">Shape</attrlabl><attalias Sync="TRUE">Shape</attalias><attrtype Sync="TRUE">Geometry</attrtype><attwidth Sync="TRUE">0</attwidth><atprecis Sync="TRUE">0</atprecis><attscale Sync="TRUE">0</attscale><attrdef Sync="TRUE">Feature geometry.</attrdef><attrdefs Sync="TRUE">Esri</attrdefs><attrdomv><udom Sync="TRUE">Coordinates defining the features.</udom></attrdomv></attr><attr xmlns=""><attrlabl Sync="TRUE">OBJECTID</attrlabl><attalias Sync="TRUE">OBJECTID</attalias><attrtype Sync="TRUE">Integer</attrtype><attwidth Sync="TRUE">10</attwidth><atprecis Sync="TRUE">10</atprecis><attscale Sync="TRUE">0</attscale></attr><attr xmlns=""><attrlabl Sync="TRUE">DESCRIP</attrlabl><attalias Sync="TRUE">DESCRIP</attalias><attrtype Sync="TRUE">String</attrtype><attwidth Sync="TRUE">45</attwidth><atprecis Sync="TRUE">0</atprecis><attscale Sync="TRUE">0</attscale></attr><attr xmlns=""><attrlabl Sync="TRUE">Sup_ha</attrlabl><attalias Sync="TRUE">Sup_ha</attalias><attrtype Sync="TRUE">Integer</attrtype><attwidth Sync="TRUE">10</attwidth><atprecis Sync="TRUE">10</atprecis><attscale Sync="TRUE">0</attscale></attr><attr xmlns=""><attrlabl Sync="TRUE">SUP_HA_1</attrlabl><attalias Sync="TRUE">SUP_HA_1</attalias><attrtype Sync="TRUE">Integer</attrtype><attwidth Sync="TRUE">10</attwidth><atprecis Sync="TRUE">10</atprecis><attscale Sync="TRUE">0</attscale></attr><attr xmlns=""><attrlabl Sync="TRUE">cve_ent</attrlabl><attalias Sync="TRUE">cve_ent</attalias><attrtype Sync="TRUE">String</attrtype><attwidth Sync="TRUE">2</attwidth><atprecis Sync="TRUE">0</atprecis><attscale Sync="TRUE">0</attscale></attr><attr xmlns=""><attrlabl Sync="TRUE">alcaldia</attrlabl><attalias Sync="TRUE">alcaldia</attalias><attrtype Sync="TRUE">String</attrtype><attwidth Sync="TRUE">100</attwidth><atprecis Sync="TRUE">0</atprecis><attscale Sync="TRUE">0</attscale></attr><attr xmlns=""><attrlabl Sync="TRUE">cve_col</attrlabl><attalias Sync="TRUE">cve_col</attalias><attrtype Sync="TRUE">String</attrtype><attwidth Sync="TRUE">10</attwidth><atprecis Sync="TRUE">0</atprecis><attscale Sync="TRUE">0</attscale></attr><attr xmlns=""><attrlabl Sync="TRUE">colonia</attrlabl><attalias Sync="TRUE">colonia</attalias><attrtype Sync="TRUE">String</attrtype><attwidth Sync="TRUE">254</attwidth><atprecis Sync="TRUE">0</atprecis><attscale Sync="TRUE">0</attscale></attr><attr xmlns=""><attrlabl Sync="TRUE">pob_2010</attrlabl><attalias Sync="TRUE">pob_2010</attalias><attrtype Sync="TRUE">Double</attrtype><attwidth Sync="TRUE">19</attwidth><atprecis Sync="TRUE">0</atprecis><attscale Sync="TRUE">0</attscale></attr><attr xmlns=""><attrlabl Sync="TRUE">SUP_COL_M2</attrlabl><attalias Sync="TRUE">SUP_COL_M2</attalias><attrtype Sync="TRUE">Single</attrtype><attwidth Sync="TRUE">13</attwidth><atprecis Sync="TRUE">0</atprecis><attscale Sync="TRUE">0</attscale></attr><attr xmlns=""><attrlabl Sync="TRUE">NoMERCADO</attrlabl><attalias Sync="TRUE">NoMERCADO</attalias><attrtype Sync="TRUE">Integer</attrtype><attwidth Sync="TRUE">10</attwidth><atprecis Sync="TRUE">10</atprecis><attscale Sync="TRUE">0</attscale></attr><attr xmlns=""><attrlabl Sync="TRUE">NoTIANGUIS</attrlabl><attalias Sync="TRUE">NoTIANGUIS</attalias><attrtype Sync="TRUE">Integer</attrtype><attwidth Sync="TRUE">10</attwidth><atprecis Sync="TRUE">10</atprecis><attscale Sync="TRUE">0</attscale></attr><attr xmlns=""><attrlabl Sync="TRUE">MERCTIANG</attrlabl><attalias Sync="TRUE">MERCTIANG</attalias><attrtype Sync="TRUE">String</attrtype><attwidth Sync="TRUE">50</attwidth><atprecis Sync="TRUE">0</atprecis><attscale Sync="TRUE">0</attscale></attr><attr xmlns=""><attrlabl Sync="TRUE">C_MERTIANG</attrlabl><attalias Sync="TRUE">C_MERTIANG</attalias><attrtype Sync="TRUE">Integer</attrtype><attwidth Sync="TRUE">10</attwidth><atprecis Sync="TRUE">10</atprecis><attscale Sync="TRUE">0</attscale></attr><attr xmlns=""><attrlabl Sync="TRUE">Shape_Leng</attrlabl><attalias Sync="TRUE">Shape_Leng</attalias><attrtype Sync="TRUE">Double</attrtype><attwidth Sync="TRUE">19</attwidth><atprecis Sync="TRUE">0</atprecis><attscale Sync="TRUE">0</attscale></attr><attr xmlns=""><attrlabl Sync="TRUE">Shape_Area</attrlabl><attalias Sync="TRUE">Shape_Area</attalias><attrtype Sync="TRUE">Double</attrtype><attwidth Sync="TRUE">19</attwidth><atprecis Sync="TRUE">0</atprecis><attscale Sync="TRUE">0</attscale><attrdef Sync="TRUE">Area of feature in internal units squared.</attrdef><attrdefs Sync="TRUE">Esri</attrdefs><attrdomv><udom Sync="TRUE">Positive real numbers that are automatically generated.</udom></attrdomv></attr></detailed></eainfo><mdDateSt Sync="TRUE">20220228</mdDateSt><mdFileID>2EBE1B51-16B2-4FAB-A733-85F92EAD8C71</mdFileID><mdContact xmlns=""><rpIndName>Instituto de Planeación Democrática y Prospectiva (IPDP)</rpIndName><rpOrgName>Instituto de Planeación Democrática y Prospectiva (IPDP)</rpOrgName><rpCntInfo xmlns=""><cntAddress addressType="physical"><delPoint>S. Lorenzo 712, Primer Piso, Col del Valle Sur, Benito Juarez</delPoint><city>Ciudad de México</city><adminArea>Ciudad de México</adminArea><postCode>03100</postCode><country>MX</country></cntAddress><cntPhone><voiceNum tddtty="">5551302100 ext. 2339</voiceNum></cntPhone></rpCntInfo><displayName>Instituto de Planeación Democrática y Prospectiva (IPDP)</displayName><role><RoleCd value="006"/></role></mdContact><dqInfo xmlns=""><dqScope><scpLvl><ScopeCd value="005"/></scpLvl></dqScope><dataLineage><dataSource xmlns="" type=""><srcDesc>SEDECO-CDMX 2021</srcDesc></dataSource><statement>Información a partir de trabajo de campo</statement></dataLineage></dqInfo><mdContact xmlns=""><rpIndName>Instituto de Planeación Democrática y Prospectiva (IPDP)</rpIndName><rpOrgName>Instituto de Planeación Democrática y Prospectiva (IPDP)</rpOrgName><rpCntInfo xmlns=""><cntAddress addressType="physical"><delPoint>S. Lorenzo 712, Primer Piso, Col del Valle Sur, Benito Juarez</delPoint><city>Ciudad de México</city><adminArea>Ciudad de México</adminArea><postCode>03100</postCode><country>MX</country></cntAddress><cntPhone><voiceNum tddtty="">5551302100 ext. 2339</voiceNum></cntPhone></rpCntInfo><displayName>Instituto de Planeación Democrática y Prospectiva (IPDP)</displayName><role><RoleCd value="010"/></role><displayName>Instituto de Planeación Democrática y Prospectiva (IPDP)</displayName></mdContact></metadata>
