<metadata xml:lang="es"><Esri><CreaDate>20211013</CreaDate><CreaTime>16125500</CreaTime><ArcGISFormat>1.0</ArcGISFormat><ArcGISstyle>FGDC CSDGM Metadata</ArcGISstyle><SyncOnce>FALSE</SyncOnce><DataProperties><itemProps><itemName Sync="TRUE">rutas_y_corredores_del_transporte_publico_concesionado</itemName><imsContentType Sync="TRUE" export="False">002</imsContentType><nativeExtBox><westBL Sync="TRUE">458468.358813</westBL><eastBL Sync="TRUE">526608.621824</eastBL><southBL Sync="TRUE">2079345.272801</southBL><northBL Sync="TRUE">2176792.816296</northBL><exTypeCode Sync="TRUE">1</exTypeCode></nativeExtBox><itemSize Sync="TRUE">3.947</itemSize><itemLocation><linkage Sync="TRUE">file://\\DESKTOP-MTM54JJ\E$\IPDP\Entrega 2 y 3 (Temática ADIP)\Desarrollo Urbano, Vivienda y Territorio\Rutas y corredores del transporte público concesionado\rutas_y_corredores_del_transporte_publico_concesionado.shp</linkage><protocol Sync="TRUE">Local Area Network</protocol></itemLocation></itemProps><coordRef><type Sync="TRUE">Projected</type><geogcsn Sync="TRUE">GCS_WGS_1984</geogcsn><csUnits Sync="TRUE">Linear Unit: Meter (1.000000)</csUnits><projcsn Sync="TRUE">WGS_1984_UTM_Zone_14N</projcsn><peXml Sync="TRUE">&lt;ProjectedCoordinateSystem xsi:type='typens:ProjectedCoordinateSystem' xmlns:xsi='http://www.w3.org/2001/XMLSchema-instance' xmlns:xs='http://www.w3.org/2001/XMLSchema' xmlns:typens='http://www.esri.com/schemas/ArcGIS/10.5'&gt;&lt;WKT&gt;PROJCS[&amp;quot;WGS_1984_UTM_Zone_14N&amp;quot;,GEOGCS[&amp;quot;GCS_WGS_1984&amp;quot;,DATUM[&amp;quot;D_WGS_1984&amp;quot;,SPHEROID[&amp;quot;WGS_1984&amp;quot;,6378137.0,298.257223563]],PRIMEM[&amp;quot;Greenwich&amp;quot;,0.0],UNIT[&amp;quot;Degree&amp;quot;,0.0174532925199433]],PROJECTION[&amp;quot;Transverse_Mercator&amp;quot;],PARAMETER[&amp;quot;False_Easting&amp;quot;,500000.0],PARAMETER[&amp;quot;False_Northing&amp;quot;,0.0],PARAMETER[&amp;quot;Central_Meridian&amp;quot;,-99.0],PARAMETER[&amp;quot;Scale_Factor&amp;quot;,0.9996],PARAMETER[&amp;quot;Latitude_Of_Origin&amp;quot;,0.0],UNIT[&amp;quot;Meter&amp;quot;,1.0],AUTHORITY[&amp;quot;EPSG&amp;quot;,32614]]&lt;/WKT&gt;&lt;XOrigin&gt;-5120900&lt;/XOrigin&gt;&lt;YOrigin&gt;-9998100&lt;/YOrigin&gt;&lt;XYScale&gt;450445547.3910538&lt;/XYScale&gt;&lt;ZOrigin&gt;-100000&lt;/ZOrigin&gt;&lt;ZScale&gt;10000&lt;/ZScale&gt;&lt;MOrigin&gt;-100000&lt;/MOrigin&gt;&lt;MScale&gt;10000&lt;/MScale&gt;&lt;XYTolerance&gt;0.001&lt;/XYTolerance&gt;&lt;ZTolerance&gt;0.001&lt;/ZTolerance&gt;&lt;MTolerance&gt;0.001&lt;/MTolerance&gt;&lt;HighPrecision&gt;true&lt;/HighPrecision&gt;&lt;WKID&gt;32614&lt;/WKID&gt;&lt;LatestWKID&gt;32614&lt;/LatestWKID&gt;&lt;/ProjectedCoordinateSystem&gt;</peXml></coordRef></DataProperties><SyncDate>20220303</SyncDate><SyncTime>18013900</SyncTime><ModDate>20220303</ModDate><ModTime>18013900</ModTime><scaleRange><minScale>150000000</minScale><maxScale>5000</maxScale></scaleRange><ArcGISProfile>FGDC</ArcGISProfile></Esri><dataIdInfo><envirDesc Sync="TRUE"> Version 6.2 (Build 9200) ; Esri ArcGIS 10.5.0.6491</envirDesc><dataLang><languageCode value="spa" Sync="TRUE"/><countryCode value="MEX" Sync="TRUE"/></dataLang><idCitation xmlns=""><resTitle Sync="FALSE">Rutas y corredores del transporte público concesionado</resTitle><presForm xmlns=""><PresFormCd value="005" Sync="TRUE"/><fgdcGeoform>vector digital data</fgdcGeoform></presForm><date><createDate>2021-01-01T00:00:00</createDate><pubDate>2021-01-01T00:00:00</pubDate></date><citRespParty xmlns=""><rpIndName>Instituto de Planeación Democratica y Prospectiva (IPDP)</rpIndName><rpOrgName>Instituto de Planeación Democratica y Prospectiva (IPDP)</rpOrgName><role><RoleCd value="006"/></role><rpCntInfo xmlns=""><cntAddress addressType="physical"><delPoint>San Lorenzo 712, 1er piso Col. Del Valle, Benito Juárez.</delPoint><city>Ciudad de México </city><adminArea>Ciudad de México </adminArea><postCode>03100</postCode><country>MX</country></cntAddress><cntPhone><voiceNum tddtty="">51302100 etx. 2339 </voiceNum></cntPhone></rpCntInfo></citRespParty><citRespParty xmlns=""><rpIndName>Instituto de Planeación Democratica y Prospectiva (IPDP)</rpIndName><rpOrgName>Instituto de Planeación Democratica y Prospectiva (IPDP)</rpOrgName><role><RoleCd value="010"/></role><rpCntInfo xmlns=""><cntAddress addressType="physical"><delPoint>San Lorenzo 712, 1er piso Col. Del Valle, Benito Juárez.</delPoint><city>Ciudad de México </city><adminArea>Ciudad de México </adminArea><postCode>03100</postCode><country>MX</country></cntAddress><cntPhone><voiceNum tddtty="">51302100 etx. 2339 </voiceNum></cntPhone></rpCntInfo><displayName>Instituto de Planeación Democratica y Prospectiva (IPDP)</displayName></citRespParty></idCitation><spatRpType><SpatRepTypCd value="001" Sync="TRUE"/></spatRpType><dataExt xmlns=""><geoEle xmlns=""><GeoBndBox esriExtentType="search"><exTypeCode Sync="TRUE">1</exTypeCode><westBL Sync="TRUE">-99.396250</westBL><eastBL Sync="TRUE">-98.746128</eastBL><northBL Sync="TRUE">19.686525</northBL><southBL Sync="TRUE">18.805433</southBL></GeoBndBox></geoEle><exDesc>Rutas y corredores del transporte público concesionado en Ciudad de México</exDesc></dataExt><idPurp>Rutas y corredores del transporte público concesionado en Ciudad de México.</idPurp><idAbs>&lt;DIV STYLE="text-align:Left;"&gt;&lt;DIV&gt;&lt;DIV&gt;&lt;P&gt;&lt;SPAN&gt;Capa de información geoespacial con las &lt;/SPAN&gt;&lt;SPAN&gt;Rutas y corredores del transporte público concesionado en Ciudad de México.&lt;/SPAN&gt;&lt;/P&gt;&lt;/DIV&gt;&lt;/DIV&gt;&lt;/DIV&gt;</idAbs><themeKeys xmlns=""><keyword>Movilidad y accesibilidad</keyword></themeKeys><dataChar><CharSetCd value="004"/></dataChar><idStatus><ProgCd value="001"/></idStatus><resMaint xmlns=""><maintFreq><MaintFreqCd value="009"/></maintFreq></resMaint><idCredit>IPDP</idCredit><idPoC xmlns=""><rpIndName>Dirección de información estadística y geográfica</rpIndName><rpOrgName>Instituto de Planeación Democratica y Prospectiva (IPDP)</rpOrgName><role><RoleCd value="007"/></role><rpCntInfo xmlns=""><cntAddress addressType="physical"><delPoint>San Lorenzo 712, 1er piso Col. Del Valle, Benito Juárez.</delPoint><city>Ciudad de México </city><adminArea>Ciudad de México </adminArea><postCode>03100</postCode><country>MX</country></cntAddress><cntPhone><voiceNum tddtty="">51302100 etx. 2339 </voiceNum></cntPhone></rpCntInfo><displayName>Instituto de Planeación Democratica y Prospectiva (IPDP)</displayName><displayName>Instituto de Planeación Democratica y Prospectiva (IPDP)</displayName></idPoC><tpCat><TopicCatCd value="015"/></tpCat></dataIdInfo><mdLang><languageCode value="spa" Sync="TRUE"/><countryCode value="MEX" Sync="TRUE"/></mdLang><mdChar><CharSetCd value="004" Sync="TRUE"/></mdChar><distInfo><distFormat><formatName Sync="TRUE">Shapefile</formatName></distFormat><distTranOps><transSize Sync="TRUE">3.947</transSize></distTranOps></distInfo><mdHrLv><ScopeCd value="005" Sync="TRUE"/></mdHrLv><mdHrLvName Sync="TRUE">dataset</mdHrLvName><refSysInfo><RefSystem><refSysID><identCode code="32614" Sync="TRUE"/><idCodeSpace Sync="TRUE">EPSG</idCodeSpace><idVersion Sync="TRUE">2.1(3.0.1)</idVersion></refSysID></RefSystem></refSysInfo><spatRepInfo><VectSpatRep><geometObjs Name="rutas_y_corredores_del_transporte_publico_concesionado"><geoObjTyp><GeoObjTypCd value="002" Sync="TRUE"></GeoObjTypCd></geoObjTyp><geoObjCnt Sync="TRUE">2311</geoObjCnt></geometObjs><topLvl><TopoLevCd value="001" Sync="TRUE"></TopoLevCd></topLvl></VectSpatRep></spatRepInfo><spdoinfo><ptvctinf><esriterm Name="rutas_y_corredores_del_transporte_publico_concesionado"><efeatyp Sync="TRUE">Simple</efeatyp><efeageom code="3" Sync="TRUE"></efeageom><esritopo Sync="TRUE">FALSE</esritopo><efeacnt Sync="TRUE">2311</efeacnt><spindex Sync="TRUE">FALSE</spindex><linrefer Sync="TRUE">FALSE</linrefer></esriterm></ptvctinf></spdoinfo><eainfo><detailed Name="rutas_y_corredores_del_transporte_publico_concesionado" xmlns=""><enttyp><enttypl Sync="TRUE">rutas_y_corredores_del_transporte_publico_concesionado</enttypl><enttypt Sync="FALSE">Línea</enttypt><enttypc Sync="TRUE">2311</enttypc></enttyp><attr xmlns=""><attrlabl Sync="TRUE">FID</attrlabl><attalias Sync="TRUE">FID</attalias><attrtype Sync="TRUE">OID</attrtype><attwidth Sync="TRUE">4</attwidth><atprecis Sync="TRUE">0</atprecis><attscale Sync="TRUE">0</attscale><attrdef Sync="TRUE">Internal feature number.</attrdef><attrdefs Sync="TRUE">Esri</attrdefs><attrdomv><udom Sync="TRUE">Sequential unique whole numbers that are automatically generated.</udom></attrdomv></attr><attr xmlns=""><attrlabl Sync="TRUE">Shape</attrlabl><attalias Sync="TRUE">Shape</attalias><attrtype Sync="TRUE">Geometry</attrtype><attwidth Sync="TRUE">0</attwidth><atprecis Sync="TRUE">0</atprecis><attscale Sync="TRUE">0</attscale><attrdef Sync="TRUE">Feature geometry.</attrdef><attrdefs Sync="TRUE">Esri</attrdefs><attrdomv><udom Sync="TRUE">Coordinates defining the features.</udom></attrdomv></attr><attr xmlns=""><attrlabl Sync="TRUE">id</attrlabl><attalias Sync="TRUE">id</attalias><attrtype Sync="TRUE">Double</attrtype><attwidth Sync="TRUE">255</attwidth><atprecis Sync="TRUE">255</atprecis><attscale Sync="TRUE">0</attscale></attr><attr xmlns=""><attrlabl Sync="TRUE">tipo_trans</attrlabl><attalias Sync="TRUE">tipo_trans</attalias><attrtype Sync="TRUE">String</attrtype><attwidth Sync="TRUE">254</attwidth><atprecis Sync="TRUE">0</atprecis><attscale Sync="TRUE">0</attscale></attr><attr xmlns=""><attrlabl Sync="TRUE">ruta_corre</attrlabl><attalias Sync="TRUE">ruta_corre</attalias><attrtype Sync="TRUE">String</attrtype><attwidth Sync="TRUE">254</attwidth><atprecis Sync="TRUE">0</atprecis><attscale Sync="TRUE">0</attscale></attr><attr xmlns=""><attrlabl Sync="TRUE">detalle</attrlabl><attalias Sync="TRUE">detalle</attalias><attrtype Sync="TRUE">String</attrtype><attwidth Sync="TRUE">254</attwidth><atprecis Sync="TRUE">0</atprecis><attscale Sync="TRUE">0</attscale></attr><attr xmlns=""><attrlabl Sync="TRUE">detalle_2</attrlabl><attalias Sync="TRUE">detalle_2</attalias><attrtype Sync="TRUE">String</attrtype><attwidth Sync="TRUE">254</attwidth><atprecis Sync="TRUE">0</atprecis><attscale Sync="TRUE">0</attscale></attr><attr xmlns=""><attrlabl Sync="TRUE">descrip</attrlabl><attalias Sync="TRUE">descrip</attalias><attrtype Sync="TRUE">String</attrtype><attwidth Sync="TRUE">254</attwidth><atprecis Sync="TRUE">0</atprecis><attscale Sync="TRUE">0</attscale></attr></detailed></eainfo><mdDateSt Sync="TRUE">20220303</mdDateSt><mdMaint xmlns=""><maintFreq><MaintFreqCd value="009"/></maintFreq></mdMaint><dqInfo xmlns=""><dqScope><scpLvl><ScopeCd value="005"/></scpLvl></dqScope><dataLineage><dataSource xmlns="" type=""><srcDesc>SEMOVI- CENSO 2010</srcDesc></dataSource><statement>Información a partir de trabajo de gabinete</statement></dataLineage></dqInfo><mdFileID>18821142-322F-418F-BD53-884786DFD569</mdFileID><mdContact xmlns=""><rpIndName>Instituto de Planeación Democratica y Prospectiva (IPDP)</rpIndName><rpOrgName>Instituto de Planeación Democratica y Prospectiva (IPDP)</rpOrgName><role><RoleCd value="006"/></role><rpCntInfo><cntAddress addressType="physical"><delPoint>San Lorenzo 712, 1er piso Col. Del Valle, Benito Juárez.</delPoint><city>Ciudad de México </city><adminArea>Ciudad de México </adminArea><postCode>03100</postCode><country>MX</country></cntAddress><cntPhone><voiceNum tddtty="">51302100 etx. 2339 </voiceNum></cntPhone></rpCntInfo><displayName>Instituto de Planeación Democratica y Prospectiva (IPDP)</displayName></mdContact><mdContact xmlns=""><rpIndName>Instituto de Planeación Democratica y Prospectiva (IPDP)</rpIndName><rpOrgName>Instituto de Planeación Democratica y Prospectiva (IPDP)</rpOrgName><role><RoleCd value="010"/></role><rpCntInfo><cntAddress addressType="physical"><delPoint>San Lorenzo 712, 1er piso Col. Del Valle, Benito Juárez.</delPoint><city>Ciudad de México </city><adminArea>Ciudad de México </adminArea><postCode>03100</postCode><country>MX</country></cntAddress><cntPhone><voiceNum tddtty="">51302100 etx. 2339 </voiceNum></cntPhone></rpCntInfo><displayName>Instituto de Planeación Democratica y Prospectiva (IPDP)</displayName><displayName>Instituto de Planeación Democratica y Prospectiva (IPDP)</displayName></mdContact></metadata>
